DateKey,Date,Year,Month,MonthName,Quarter,Week,Day,DayOfWeek
01012023,2023-01-01,2023,1,January,Q1,52,1,Sunday
02012023,2023-01-02,2023,1,January,Q1,1,2,Monday
03012023,2023-01-03,2023,1,January,Q1,1,3,Tuesday
04012023,2023-01-04,2023,1,January,Q1,1,4,Wednesday
05012023,2023-01-05,2023,1,January,Q1,1,5,Thursday
06012023,2023-01-06,2023,1,January,Q1,1,6,Friday
07012023,2023-01-07,2023,1,January,Q1,1,7,Saturday
08012023,2023-01-08,2023,1,January,Q1,1,8,Sunday
09012023,2023-01-09,2023,1,January,Q1,2,9,Monday
10012023,2023-01-10,2023,1,January,Q1,2,10,Tuesday
11012023,2023-01-11,2023,1,January,Q1,2,11,Wednesday
12012023,2023-01-12,2023,1,January,Q1,2,12,Thursday
13012023,2023-01-13,2023,1,January,Q1,2,13,Friday
14012023,2023-01-14,2023,1,January,Q1,2,14,Saturday
15012023,2023-01-15,2023,1,January,Q1,2,15,Sunday
16012023,2023-01-16,2023,1,January,Q1,3,16,Monday
17012023,2023-01-17,2023,1,January,Q1,3,17,Tuesday
18012023,2023-01-18,2023,1,January,Q1,3,18,Wednesday
19012023,2023-01-19,2023,1,January,Q1,3,19,Thursday
20012023,2023-01-20,2023,1,January,Q1,3,20,Friday
21012023,2023-01-21,2023,1,January,Q1,3,21,Saturday
22012023,2023-01-22,2023,1,January,Q1,3,22,Sunday
23012023,2023-01-23,2023,1,January,Q1,4,23,Monday
24012023,2023-01-24,2023,1,January,Q1,4,24,Tuesday
25012023,2023-01-25,2023,1,January,Q1,4,25,Wednesday
26012023,2023-01-26,2023,1,January,Q1,4,26,Thursday
27012023,2023-01-27,2023,1,January,Q1,4,27,Friday
28012023,2023-01-28,2023,1,January,Q1,4,28,Saturday
29012023,2023-01-29,2023,1,January,Q1,4,29,Sunday
30012023,2023-01-30,2023,1,January,Q1,5,30,Monday
31012023,2023-01-31,2023,1,January,Q1,5,31,Tuesday
01022023,2023-02-01,2023,2,February,Q1,5,1,Wednesday
02022023,2023-02-02,2023,2,February,Q1,5,2,Thursday
03022023,2023-02-03,2023,2,February,Q1,5,3,Friday
04022023,2023-02-04,2023,2,February,Q1,5,4,Saturday
05022023,2023-02-05,2023,2,February,Q1,5,5,Sunday
06022023,2023-02-06,2023,2,February,Q1,6,6,Monday
07022023,2023-02-07,2023,2,February,Q1,6,7,Tuesday
08022023,2023-02-08,2023,2,February,Q1,6,8,Wednesday
09022023,2023-02-09,2023,2,February,Q1,6,9,Thursday
10022023,2023-02-10,2023,2,February,Q1,6,10,Friday
11022023,2023-02-11,2023,2,February,Q1,6,11,Saturday
12022023,2023-02-12,2023,2,February,Q1,6,12,Sunday
13022023,2023-02-13,2023,2,February,Q1,7,13,Monday
14022023,2023-02-14,2023,2,February,Q1,7,14,Tuesday
15022023,2023-02-15,2023,2,February,Q1,7,15,Wednesday
16022023,2023-02-16,2023,2,February,Q1,7,16,Thursday
17022023,2023-02-17,2023,2,February,Q1,7,17,Friday
18022023,2023-02-18,2023,2,February,Q1,7,18,Saturday
19022023,2023-02-19,2023,2,February,Q1,7,19,Sunday
20022023,2023-02-20,2023,2,February,Q1,8,20,Monday
21022023,2023-02-21,2023,2,February,Q1,8,21,Tuesday
22022023,2023-02-22,2023,2,February,Q1,8,22,Wednesday
23022023,2023-02-23,2023,2,February,Q1,8,23,Thursday
24022023,2023-02-24,2023,2,February,Q1,8,24,Friday
25022023,2023-02-25,2023,2,February,Q1,8,25,Saturday
26022023,2023-02-26,2023,2,February,Q1,8,26,Sunday
27022023,2023-02-27,2023,2,February,Q1,9,27,Monday
28022023,2023-02-28,2023,2,February,Q1,9,28,Tuesday
01032023,2023-03-01,2023,3,March,Q1,9,1,Wednesday
02032023,2023-03-02,2023,3,March,Q1,9,2,Thursday
03032023,2023-03-03,2023,3,March,Q1,9,3,Friday
04032023,2023-03-04,2023,3,March,Q1,9,4,Saturday
05032023,2023-03-05,2023,3,March,Q1,9,5,Sunday
06032023,2023-03-06,2023,3,March,Q1,10,6,Monday
07032023,2023-03-07,2023,3,March,Q1,10,7,Tuesday
08032023,2023-03-08,2023,3,March,Q1,10,8,Wednesday
09032023,2023-03-09,2023,3,March,Q1,10,9,Thursday
10032023,2023-03-10,2023,3,March,Q1,10,10,Friday
11032023,2023-03-11,2023,3,March,Q1,10,11,Saturday
12032023,2023-03-12,2023,3,March,Q1,10,12,Sunday
13032023,2023-03-13,2023,3,March,Q1,11,13,Monday
14032023,2023-03-14,2023,3,March,Q1,11,14,Tuesday
15032023,2023-03-15,2023,3,March,Q1,11,15,Wednesday
16032023,2023-03-16,2023,3,March,Q1,11,16,Thursday
17032023,2023-03-17,2023,3,March,Q1,11,17,Friday
18032023,2023-03-18,2023,3,March,Q1,11,18,Saturday
19032023,2023-03-19,2023,3,March,Q1,11,19,Sunday
20032023,2023-03-20,2023,3,March,Q1,12,20,Monday
21032023,2023-03-21,2023,3,March,Q1,12,21,Tuesday
22032023,2023-03-22,2023,3,March,Q1,12,22,Wednesday
23032023,2023-03-23,2023,3,March,Q1,12,23,Thursday
24032023,2023-03-24,2023,3,March,Q1,12,24,Friday
25032023,2023-03-25,2023,3,March,Q1,12,25,Saturday
26032023,2023-03-26,2023,3,March,Q1,12,26,Sunday
27032023,2023-03-27,2023,3,March,Q1,13,27,Monday
28032023,2023-03-28,2023,3,March,Q1,13,28,Tuesday
29032023,2023-03-29,2023,3,March,Q1,13,29,Wednesday
30032023,2023-03-30,2023,3,March,Q1,13,30,Thursday
31032023,2023-03-31,2023,3,March,Q1,13,31,Friday
01042023,2023-04-01,2023,4,April,Q2,13,1,Saturday
02042023,2023-04-02,2023,4,April,Q2,13,2,Sunday
03042023,2023-04-03,2023,4,April,Q2,14,3,Monday
04042023,2023-04-04,2023,4,April,Q2,14,4,Tuesday
05042023,2023-04-05,2023,4,April,Q2,14,5,Wednesday
06042023,2023-04-06,2023,4,April,Q2,14,6,Thursday
07042023,2023-04-07,2023,4,April,Q2,14,7,Friday
08042023,2023-04-08,2023,4,April,Q2,14,8,Saturday
09042023,2023-04-09,2023,4,April,Q2,14,9,Sunday
10042023,2023-04-10,2023,4,April,Q2,15,10,Monday
11042023,2023-04-11,2023,4,April,Q2,15,11,Tuesday
12042023,2023-04-12,2023,4,April,Q2,15,12,Wednesday
13042023,2023-04-13,2023,4,April,Q2,15,13,Thursday
14042023,2023-04-14,2023,4,April,Q2,15,14,Friday
15042023,2023-04-15,2023,4,April,Q2,15,15,Saturday
16042023,2023-04-16,2023,4,April,Q2,15,16,Sunday
17042023,2023-04-17,2023,4,April,Q2,16,17,Monday
18042023,2023-04-18,2023,4,April,Q2,16,18,Tuesday
19042023,2023-04-19,2023,4,April,Q2,16,19,Wednesday
20042023,2023-04-20,2023,4,April,Q2,16,20,Thursday
21042023,2023-04-21,2023,4,April,Q2,16,21,Friday
22042023,2023-04-22,2023,4,April,Q2,16,22,Saturday
23042023,2023-04-23,2023,4,April,Q2,16,23,Sunday
24042023,2023-04-24,2023,4,April,Q2,17,24,Monday
25042023,2023-04-25,2023,4,April,Q2,17,25,Tuesday
26042023,2023-04-26,2023,4,April,Q2,17,26,Wednesday
27042023,2023-04-27,2023,4,April,Q2,17,27,Thursday
28042023,2023-04-28,2023,4,April,Q2,17,28,Friday
29042023,2023-04-29,2023,4,April,Q2,17,29,Saturday
30042023,2023-04-30,2023,4,April,Q2,17,30,Sunday
01052023,2023-05-01,2023,5,May,Q2,18,1,Monday
02052023,2023-05-02,2023,5,May,Q2,18,2,Tuesday
03052023,2023-05-03,2023,5,May,Q2,18,3,Wednesday
04052023,2023-05-04,2023,5,May,Q2,18,4,Thursday
05052023,2023-05-05,2023,5,May,Q2,18,5,Friday
06052023,2023-05-06,2023,5,May,Q2,18,6,Saturday
07052023,2023-05-07,2023,5,May,Q2,18,7,Sunday
08052023,2023-05-08,2023,5,May,Q2,19,8,Monday
09052023,2023-05-09,2023,5,May,Q2,19,9,Tuesday
10052023,2023-05-10,2023,5,May,Q2,19,10,Wednesday
11052023,2023-05-11,2023,5,May,Q2,19,11,Thursday
12052023,2023-05-12,2023,5,May,Q2,19,12,Friday
13052023,2023-05-13,2023,5,May,Q2,19,13,Saturday
14052023,2023-05-14,2023,5,May,Q2,19,14,Sunday
15052023,2023-05-15,2023,5,May,Q2,20,15,Monday
16052023,2023-05-16,2023,5,May,Q2,20,16,Tuesday
17052023,2023-05-17,2023,5,May,Q2,20,17,Wednesday
18052023,2023-05-18,2023,5,May,Q2,20,18,Thursday
19052023,2023-05-19,2023,5,May,Q2,20,19,Friday
20052023,2023-05-20,2023,5,May,Q2,20,20,Saturday
21052023,2023-05-21,2023,5,May,Q2,20,21,Sunday
22052023,2023-05-22,2023,5,May,Q2,21,22,Monday
23052023,2023-05-23,2023,5,May,Q2,21,23,Tuesday
24052023,2023-05-24,2023,5,May,Q2,21,24,Wednesday
25052023,2023-05-25,2023,5,May,Q2,21,25,Thursday
26052023,2023-05-26,2023,5,May,Q2,21,26,Friday
27052023,2023-05-27,2023,5,May,Q2,21,27,Saturday
28052023,2023-05-28,2023,5,May,Q2,21,28,Sunday
29052023,2023-05-29,2023,5,May,Q2,22,29,Monday
30052023,2023-05-30,2023,5,May,Q2,22,30,Tuesday
31052023,2023-05-31,2023,5,May,Q2,22,31,Wednesday
01062023,2023-06-01,2023,6,June,Q2,22,1,Thursday
02062023,2023-06-02,2023,6,June,Q2,22,2,Friday
03062023,2023-06-03,2023,6,June,Q2,22,3,Saturday
04062023,2023-06-04,2023,6,June,Q2,22,4,Sunday
05062023,2023-06-05,2023,6,June,Q2,23,5,Monday
06062023,2023-06-06,2023,6,June,Q2,23,6,Tuesday
07062023,2023-06-07,2023,6,June,Q2,23,7,Wednesday
08062023,2023-06-08,2023,6,June,Q2,23,8,Thursday
09062023,2023-06-09,2023,6,June,Q2,23,9,Friday
10062023,2023-06-10,2023,6,June,Q2,23,10,Saturday
11062023,2023-06-11,2023,6,June,Q2,23,11,Sunday
12062023,2023-06-12,2023,6,June,Q2,24,12,Monday
13062023,2023-06-13,2023,6,June,Q2,24,13,Tuesday
14062023,2023-06-14,2023,6,June,Q2,24,14,Wednesday
15062023,2023-06-15,2023,6,June,Q2,24,15,Thursday
16062023,2023-06-16,2023,6,June,Q2,24,16,Friday
17062023,2023-06-17,2023,6,June,Q2,24,17,Saturday
18062023,2023-06-18,2023,6,June,Q2,24,18,Sunday
19062023,2023-06-19,2023,6,June,Q2,25,19,Monday
20062023,2023-06-20,2023,6,June,Q2,25,20,Tuesday
21062023,2023-06-21,2023,6,June,Q2,25,21,Wednesday
22062023,2023-06-22,2023,6,June,Q2,25,22,Thursday
23062023,2023-06-23,2023,6,June,Q2,25,23,Friday
24062023,2023-06-24,2023,6,June,Q2,25,24,Saturday
25062023,2023-06-25,2023,6,June,Q2,25,25,Sunday
26062023,2023-06-26,2023,6,June,Q2,26,26,Monday
27062023,2023-06-27,2023,6,June,Q2,26,27,Tuesday
28062023,2023-06-28,2023,6,June,Q2,26,28,Wednesday
29062023,2023-06-29,2023,6,June,Q2,26,29,Thursday
30062023,2023-06-30,2023,6,June,Q2,26,30,Friday
01072023,2023-07-01,2023,7,July,Q3,26,1,Saturday
02072023,2023-07-02,2023,7,July,Q3,26,2,Sunday
03072023,2023-07-03,2023,7,July,Q3,27,3,Monday
04072023,2023-07-04,2023,7,July,Q3,27,4,Tuesday
05072023,2023-07-05,2023,7,July,Q3,27,5,Wednesday
06072023,2023-07-06,2023,7,July,Q3,27,6,Thursday
07072023,2023-07-07,2023,7,July,Q3,27,7,Friday
08072023,2023-07-08,2023,7,July,Q3,27,8,Saturday
09072023,2023-07-09,2023,7,July,Q3,27,9,Sunday
10072023,2023-07-10,2023,7,July,Q3,28,10,Monday
11072023,2023-07-11,2023,7,July,Q3,28,11,Tuesday
12072023,2023-07-12,2023,7,July,Q3,28,12,Wednesday
13072023,2023-07-13,2023,7,July,Q3,28,13,Thursday
14072023,2023-07-14,2023,7,July,Q3,28,14,Friday
15072023,2023-07-15,2023,7,July,Q3,28,15,Saturday
16072023,2023-07-16,2023,7,July,Q3,28,16,Sunday
17072023,2023-07-17,2023,7,July,Q3,29,17,Monday
18072023,2023-07-18,2023,7,July,Q3,29,18,Tuesday
19072023,2023-07-19,2023,7,July,Q3,29,19,Wednesday
20072023,2023-07-20,2023,7,July,Q3,29,20,Thursday
21072023,2023-07-21,2023,7,July,Q3,29,21,Friday
22072023,2023-07-22,2023,7,July,Q3,29,22,Saturday
23072023,2023-07-23,2023,7,July,Q3,29,23,Sunday
24072023,2023-07-24,2023,7,July,Q3,30,24,Monday
25072023,2023-07-25,2023,7,July,Q3,30,25,Tuesday
26072023,2023-07-26,2023,7,July,Q3,30,26,Wednesday
27072023,2023-07-27,2023,7,July,Q3,30,27,Thursday
28072023,2023-07-28,2023,7,July,Q3,30,28,Friday
29072023,2023-07-29,2023,7,July,Q3,30,29,Saturday
30072023,2023-07-30,2023,7,July,Q3,30,30,Sunday
31072023,2023-07-31,2023,7,July,Q3,31,31,Monday
01082023,2023-08-01,2023,8,August,Q3,31,1,Tuesday
02082023,2023-08-02,2023,8,August,Q3,31,2,Wednesday
03082023,2023-08-03,2023,8,August,Q3,31,3,Thursday
04082023,2023-08-04,2023,8,August,Q3,31,4,Friday
05082023,2023-08-05,2023,8,August,Q3,31,5,Saturday
06082023,2023-08-06,2023,8,August,Q3,31,6,Sunday
07082023,2023-08-07,2023,8,August,Q3,32,7,Monday
08082023,2023-08-08,2023,8,August,Q3,32,8,Tuesday
09082023,2023-08-09,2023,8,August,Q3,32,9,Wednesday
10082023,2023-08-10,2023,8,August,Q3,32,10,Thursday
11082023,2023-08-11,2023,8,August,Q3,32,11,Friday
12082023,2023-08-12,2023,8,August,Q3,32,12,Saturday
13082023,2023-08-13,2023,8,August,Q3,32,13,Sunday
14082023,2023-08-14,2023,8,August,Q3,33,14,Monday
15082023,2023-08-15,2023,8,August,Q3,33,15,Tuesday
16082023,2023-08-16,2023,8,August,Q3,33,16,Wednesday
17082023,2023-08-17,2023,8,August,Q3,33,17,Thursday
18082023,2023-08-18,2023,8,August,Q3,33,18,Friday
19082023,2023-08-19,2023,8,August,Q3,33,19,Saturday
20082023,2023-08-20,2023,8,August,Q3,33,20,Sunday
21082023,2023-08-21,2023,8,August,Q3,34,21,Monday
22082023,2023-08-22,2023,8,August,Q3,34,22,Tuesday
23082023,2023-08-23,2023,8,August,Q3,34,23,Wednesday
24082023,2023-08-24,2023,8,August,Q3,34,24,Thursday
25082023,2023-08-25,2023,8,August,Q3,34,25,Friday
26082023,2023-08-26,2023,8,August,Q3,34,26,Saturday
27082023,2023-08-27,2023,8,August,Q3,34,27,Sunday
28082023,2023-08-28,2023,8,August,Q3,35,28,Monday
29082023,2023-08-29,2023,8,August,Q3,35,29,Tuesday
30082023,2023-08-30,2023,8,August,Q3,35,30,Wednesday
31082023,2023-08-31,2023,8,August,Q3,35,31,Thursday
01092023,2023-09-01,2023,9,September,Q3,35,1,Friday
02092023,2023-09-02,2023,9,September,Q3,35,2,Saturday
03092023,2023-09-03,2023,9,September,Q3,35,3,Sunday
04092023,2023-09-04,2023,9,September,Q3,36,4,Monday
05092023,2023-09-05,2023,9,September,Q3,36,5,Tuesday
06092023,2023-09-06,2023,9,September,Q3,36,6,Wednesday
07092023,2023-09-07,2023,9,September,Q3,36,7,Thursday
08092023,2023-09-08,2023,9,September,Q3,36,8,Friday
09092023,2023-09-09,2023,9,September,Q3,36,9,Saturday
10092023,2023-09-10,2023,9,September,Q3,36,10,Sunday
11092023,2023-09-11,2023,9,September,Q3,37,11,Monday
12092023,2023-09-12,2023,9,September,Q3,37,12,Tuesday
13092023,2023-09-13,2023,9,September,Q3,37,13,Wednesday
14092023,2023-09-14,2023,9,September,Q3,37,14,Thursday
15092023,2023-09-15,2023,9,September,Q3,37,15,Friday
16092023,2023-09-16,2023,9,September,Q3,37,16,Saturday
17092023,2023-09-17,2023,9,September,Q3,37,17,Sunday
18092023,2023-09-18,2023,9,September,Q3,38,18,Monday
19092023,2023-09-19,2023,9,September,Q3,38,19,Tuesday
20092023,2023-09-20,2023,9,September,Q3,38,20,Wednesday
21092023,2023-09-21,2023,9,September,Q3,38,21,Thursday
22092023,2023-09-22,2023,9,September,Q3,38,22,Friday
23092023,2023-09-23,2023,9,September,Q3,38,23,Saturday
24092023,2023-09-24,2023,9,September,Q3,38,24,Sunday
25092023,2023-09-25,2023,9,September,Q3,39,25,Monday
26092023,2023-09-26,2023,9,September,Q3,39,26,Tuesday
27092023,2023-09-27,2023,9,September,Q3,39,27,Wednesday
28092023,2023-09-28,2023,9,September,Q3,39,28,Thursday
29092023,2023-09-29,2023,9,September,Q3,39,29,Friday
30092023,2023-09-30,2023,9,September,Q3,39,30,Saturday
01102023,2023-10-01,2023,10,October,Q4,39,1,Sunday
02102023,2023-10-02,2023,10,October,Q4,40,2,Monday
03102023,2023-10-03,2023,10,October,Q4,40,3,Tuesday
04102023,2023-10-04,2023,10,October,Q4,40,4,Wednesday
05102023,2023-10-05,2023,10,October,Q4,40,5,Thursday
06102023,2023-10-06,2023,10,October,Q4,40,6,Friday
07102023,2023-10-07,2023,10,October,Q4,40,7,Saturday
08102023,2023-10-08,2023,10,October,Q4,40,8,Sunday
09102023,2023-10-09,2023,10,October,Q4,41,9,Monday
10102023,2023-10-10,2023,10,October,Q4,41,10,Tuesday
11102023,2023-10-11,2023,10,October,Q4,41,11,Wednesday
12102023,2023-10-12,2023,10,October,Q4,41,12,Thursday
13102023,2023-10-13,2023,10,October,Q4,41,13,Friday
14102023,2023-10-14,2023,10,October,Q4,41,14,Saturday
15102023,2023-10-15,2023,10,October,Q4,41,15,Sunday
16102023,2023-10-16,2023,10,October,Q4,42,16,Monday
17102023,2023-10-17,2023,10,October,Q4,42,17,Tuesday
18102023,2023-10-18,2023,10,October,Q4,42,18,Wednesday
19102023,2023-10-19,2023,10,October,Q4,42,19,Thursday
20102023,2023-10-20,2023,10,October,Q4,42,20,Friday
21102023,2023-10-21,2023,10,October,Q4,42,21,Saturday
22102023,2023-10-22,2023,10,October,Q4,42,22,Sunday
23102023,2023-10-23,2023,10,October,Q4,43,23,Monday
24102023,2023-10-24,2023,10,October,Q4,43,24,Tuesday
25102023,2023-10-25,2023,10,October,Q4,43,25,Wednesday
26102023,2023-10-26,2023,10,October,Q4,43,26,Thursday
27102023,2023-10-27,2023,10,October,Q4,43,27,Friday
28102023,2023-10-28,2023,10,October,Q4,43,28,Saturday
29102023,2023-10-29,2023,10,October,Q4,43,29,Sunday
30102023,2023-10-30,2023,10,October,Q4,44,30,Monday
31102023,2023-10-31,2023,10,October,Q4,44,31,Tuesday
01112023,2023-11-01,2023,11,November,Q4,44,1,Wednesday
02112023,2023-11-02,2023,11,November,Q4,44,2,Thursday
03112023,2023-11-03,2023,11,November,Q4,44,3,Friday
04112023,2023-11-04,2023,11,November,Q4,44,4,Saturday
05112023,2023-11-05,2023,11,November,Q4,44,5,Sunday
06112023,2023-11-06,2023,11,November,Q4,45,6,Monday
07112023,2023-11-07,2023,11,November,Q4,45,7,Tuesday
08112023,2023-11-08,2023,11,November,Q4,45,8,Wednesday
09112023,2023-11-09,2023,11,November,Q4,45,9,Thursday
10112023,2023-11-10,2023,11,November,Q4,45,10,Friday
11112023,2023-11-11,2023,11,November,Q4,45,11,Saturday
12112023,2023-11-12,2023,11,November,Q4,45,12,Sunday
13112023,2023-11-13,2023,11,November,Q4,46,13,Monday
14112023,2023-11-14,2023,11,November,Q4,46,14,Tuesday
15112023,2023-11-15,2023,11,November,Q4,46,15,Wednesday
16112023,2023-11-16,2023,11,November,Q4,46,16,Thursday
17112023,2023-11-17,2023,11,November,Q4,46,17,Friday
18112023,2023-11-18,2023,11,November,Q4,46,18,Saturday
19112023,2023-11-19,2023,11,November,Q4,46,19,Sunday
20112023,2023-11-20,2023,11,November,Q4,47,20,Monday
21112023,2023-11-21,2023,11,November,Q4,47,21,Tuesday
22112023,2023-11-22,2023,11,November,Q4,47,22,Wednesday
23112023,2023-11-23,2023,11,November,Q4,47,23,Thursday
24112023,2023-11-24,2023,11,November,Q4,47,24,Friday
25112023,2023-11-25,2023,11,November,Q4,47,25,Saturday
26112023,2023-11-26,2023,11,November,Q4,47,26,Sunday
27112023,2023-11-27,2023,11,November,Q4,48,27,Monday
28112023,2023-11-28,2023,11,November,Q4,48,28,Tuesday
29112023,2023-11-29,2023,11,November,Q4,48,29,Wednesday
30112023,2023-11-30,2023,11,November,Q4,48,30,Thursday
01122023,2023-12-01,2023,12,December,Q4,48,1,Friday
02122023,2023-12-02,2023,12,December,Q4,48,2,Saturday
03122023,2023-12-03,2023,12,December,Q4,48,3,Sunday
04122023,2023-12-04,2023,12,December,Q4,49,4,Monday
05122023,2023-12-05,2023,12,December,Q4,49,5,Tuesday
06122023,2023-12-06,2023,12,December,Q4,49,6,Wednesday
07122023,2023-12-07,2023,12,December,Q4,49,7,Thursday
08122023,2023-12-08,2023,12,December,Q4,49,8,Friday
09122023,2023-12-09,2023,12,December,Q4,49,9,Saturday
10122023,2023-12-10,2023,12,December,Q4,49,10,Sunday
11122023,2023-12-11,2023,12,December,Q4,50,11,Monday
12122023,2023-12-12,2023,12,December,Q4,50,12,Tuesday
13122023,2023-12-13,2023,12,December,Q4,50,13,Wednesday
14122023,2023-12-14,2023,12,December,Q4,50,14,Thursday
15122023,2023-12-15,2023,12,December,Q4,50,15,Friday
16122023,2023-12-16,2023,12,December,Q4,50,16,Saturday
17122023,2023-12-17,2023,12,December,Q4,50,17,Sunday
18122023,2023-12-18,2023,12,December,Q4,51,18,Monday
19122023,2023-12-19,2023,12,December,Q4,51,19,Tuesday
20122023,2023-12-20,2023,12,December,Q4,51,20,Wednesday
21122023,2023-12-21,2023,12,December,Q4,51,21,Thursday
22122023,2023-12-22,2023,12,December,Q4,51,22,Friday
23122023,2023-12-23,2023,12,December,Q4,51,23,Saturday
24122023,2023-12-24,2023,12,December,Q4,51,24,Sunday
25122023,2023-12-25,2023,12,December,Q4,52,25,Monday
26122023,2023-12-26,2023,12,December,Q4,52,26,Tuesday
27122023,2023-12-27,2023,12,December,Q4,52,27,Wednesday
28122023,2023-12-28,2023,12,December,Q4,52,28,Thursday
29122023,2023-12-29,2023,12,December,Q4,52,29,Friday
30122023,2023-12-30,2023,12,December,Q4,52,30,Saturday
31122023,2023-12-31,2023,12,December,Q4,52,31,Sunday
01012024,2024-01-01,2024,1,January,Q1,1,1,Monday
02012024,2024-01-02,2024,1,January,Q1,1,2,Tuesday
03012024,2024-01-03,2024,1,January,Q1,1,3,Wednesday
04012024,2024-01-04,2024,1,January,Q1,1,4,Thursday
05012024,2024-01-05,2024,1,January,Q1,1,5,Friday
06012024,2024-01-06,2024,1,January,Q1,1,6,Saturday
07012024,2024-01-07,2024,1,January,Q1,1,7,Sunday
08012024,2024-01-08,2024,1,January,Q1,2,8,Monday
09012024,2024-01-09,2024,1,January,Q1,2,9,Tuesday
10012024,2024-01-10,2024,1,January,Q1,2,10,Wednesday
11012024,2024-01-11,2024,1,January,Q1,2,11,Thursday
12012024,2024-01-12,2024,1,January,Q1,2,12,Friday
13012024,2024-01-13,2024,1,January,Q1,2,13,Saturday
14012024,2024-01-14,2024,1,January,Q1,2,14,Sunday
15012024,2024-01-15,2024,1,January,Q1,3,15,Monday
16012024,2024-01-16,2024,1,January,Q1,3,16,Tuesday
17012024,2024-01-17,2024,1,January,Q1,3,17,Wednesday
18012024,2024-01-18,2024,1,January,Q1,3,18,Thursday
19012024,2024-01-19,2024,1,January,Q1,3,19,Friday
20012024,2024-01-20,2024,1,January,Q1,3,20,Saturday
21012024,2024-01-21,2024,1,January,Q1,3,21,Sunday
22012024,2024-01-22,2024,1,January,Q1,4,22,Monday
23012024,2024-01-23,2024,1,January,Q1,4,23,Tuesday
24012024,2024-01-24,2024,1,January,Q1,4,24,Wednesday
25012024,2024-01-25,2024,1,January,Q1,4,25,Thursday
26012024,2024-01-26,2024,1,January,Q1,4,26,Friday
27012024,2024-01-27,2024,1,January,Q1,4,27,Saturday
28012024,2024-01-28,2024,1,January,Q1,4,28,Sunday
29012024,2024-01-29,2024,1,January,Q1,5,29,Monday
30012024,2024-01-30,2024,1,January,Q1,5,30,Tuesday
31012024,2024-01-31,2024,1,January,Q1,5,31,Wednesday
01022024,2024-02-01,2024,2,February,Q1,5,1,Thursday
02022024,2024-02-02,2024,2,February,Q1,5,2,Friday
03022024,2024-02-03,2024,2,February,Q1,5,3,Saturday
04022024,2024-02-04,2024,2,February,Q1,5,4,Sunday
05022024,2024-02-05,2024,2,February,Q1,6,5,Monday
06022024,2024-02-06,2024,2,February,Q1,6,6,Tuesday
07022024,2024-02-07,2024,2,February,Q1,6,7,Wednesday
08022024,2024-02-08,2024,2,February,Q1,6,8,Thursday
09022024,2024-02-09,2024,2,February,Q1,6,9,Friday
10022024,2024-02-10,2024,2,February,Q1,6,10,Saturday
11022024,2024-02-11,2024,2,February,Q1,6,11,Sunday
12022024,2024-02-12,2024,2,February,Q1,7,12,Monday
13022024,2024-02-13,2024,2,February,Q1,7,13,Tuesday
14022024,2024-02-14,2024,2,February,Q1,7,14,Wednesday
15022024,2024-02-15,2024,2,February,Q1,7,15,Thursday
16022024,2024-02-16,2024,2,February,Q1,7,16,Friday
17022024,2024-02-17,2024,2,February,Q1,7,17,Saturday
18022024,2024-02-18,2024,2,February,Q1,7,18,Sunday
19022024,2024-02-19,2024,2,February,Q1,8,19,Monday
20022024,2024-02-20,2024,2,February,Q1,8,20,Tuesday
21022024,2024-02-21,2024,2,February,Q1,8,21,Wednesday
22022024,2024-02-22,2024,2,February,Q1,8,22,Thursday
23022024,2024-02-23,2024,2,February,Q1,8,23,Friday
24022024,2024-02-24,2024,2,February,Q1,8,24,Saturday
25022024,2024-02-25,2024,2,February,Q1,8,25,Sunday
26022024,2024-02-26,2024,2,February,Q1,9,26,Monday
27022024,2024-02-27,2024,2,February,Q1,9,27,Tuesday
28022024,2024-02-28,2024,2,February,Q1,9,28,Wednesday
29022024,2024-02-29,2024,2,February,Q1,9,29,Thursday
01032024,2024-03-01,2024,3,March,Q1,9,1,Friday
02032024,2024-03-02,2024,3,March,Q1,9,2,Saturday
03032024,2024-03-03,2024,3,March,Q1,9,3,Sunday
04032024,2024-03-04,2024,3,March,Q1,10,4,Monday
05032024,2024-03-05,2024,3,March,Q1,10,5,Tuesday
06032024,2024-03-06,2024,3,March,Q1,10,6,Wednesday
07032024,2024-03-07,2024,3,March,Q1,10,7,Thursday
08032024,2024-03-08,2024,3,March,Q1,10,8,Friday
09032024,2024-03-09,2024,3,March,Q1,10,9,Saturday
10032024,2024-03-10,2024,3,March,Q1,10,10,Sunday
11032024,2024-03-11,2024,3,March,Q1,11,11,Monday
12032024,2024-03-12,2024,3,March,Q1,11,12,Tuesday
13032024,2024-03-13,2024,3,March,Q1,11,13,Wednesday
14032024,2024-03-14,2024,3,March,Q1,11,14,Thursday
15032024,2024-03-15,2024,3,March,Q1,11,15,Friday
16032024,2024-03-16,2024,3,March,Q1,11,16,Saturday
17032024,2024-03-17,2024,3,March,Q1,11,17,Sunday
18032024,2024-03-18,2024,3,March,Q1,12,18,Monday
19032024,2024-03-19,2024,3,March,Q1,12,19,Tuesday
20032024,2024-03-20,2024,3,March,Q1,12,20,Wednesday
21032024,2024-03-21,2024,3,March,Q1,12,21,Thursday
22032024,2024-03-22,2024,3,March,Q1,12,22,Friday
23032024,2024-03-23,2024,3,March,Q1,12,23,Saturday
24032024,2024-03-24,2024,3,March,Q1,12,24,Sunday
25032024,2024-03-25,2024,3,March,Q1,13,25,Monday
26032024,2024-03-26,2024,3,March,Q1,13,26,Tuesday
27032024,2024-03-27,2024,3,March,Q1,13,27,Wednesday
28032024,2024-03-28,2024,3,March,Q1,13,28,Thursday
29032024,2024-03-29,2024,3,March,Q1,13,29,Friday
30032024,2024-03-30,2024,3,March,Q1,13,30,Saturday
31032024,2024-03-31,2024,3,March,Q1,13,31,Sunday
01042024,2024-04-01,2024,4,April,Q2,14,1,Monday
02042024,2024-04-02,2024,4,April,Q2,14,2,Tuesday
03042024,2024-04-03,2024,4,April,Q2,14,3,Wednesday
04042024,2024-04-04,2024,4,April,Q2,14,4,Thursday
05042024,2024-04-05,2024,4,April,Q2,14,5,Friday
06042024,2024-04-06,2024,4,April,Q2,14,6,Saturday
07042024,2024-04-07,2024,4,April,Q2,14,7,Sunday
08042024,2024-04-08,2024,4,April,Q2,15,8,Monday
09042024,2024-04-09,2024,4,April,Q2,15,9,Tuesday
10042024,2024-04-10,2024,4,April,Q2,15,10,Wednesday
11042024,2024-04-11,2024,4,April,Q2,15,11,Thursday
12042024,2024-04-12,2024,4,April,Q2,15,12,Friday
13042024,2024-04-13,2024,4,April,Q2,15,13,Saturday
14042024,2024-04-14,2024,4,April,Q2,15,14,Sunday
15042024,2024-04-15,2024,4,April,Q2,16,15,Monday
16042024,2024-04-16,2024,4,April,Q2,16,16,Tuesday
17042024,2024-04-17,2024,4,April,Q2,16,17,Wednesday
18042024,2024-04-18,2024,4,April,Q2,16,18,Thursday
19042024,2024-04-19,2024,4,April,Q2,16,19,Friday
20042024,2024-04-20,2024,4,April,Q2,16,20,Saturday
21042024,2024-04-21,2024,4,April,Q2,16,21,Sunday
22042024,2024-04-22,2024,4,April,Q2,17,22,Monday
23042024,2024-04-23,2024,4,April,Q2,17,23,Tuesday
24042024,2024-04-24,2024,4,April,Q2,17,24,Wednesday
25042024,2024-04-25,2024,4,April,Q2,17,25,Thursday
26042024,2024-04-26,2024,4,April,Q2,17,26,Friday
27042024,2024-04-27,2024,4,April,Q2,17,27,Saturday
28042024,2024-04-28,2024,4,April,Q2,17,28,Sunday
29042024,2024-04-29,2024,4,April,Q2,18,29,Monday
30042024,2024-04-30,2024,4,April,Q2,18,30,Tuesday
01052024,2024-05-01,2024,5,May,Q2,18,1,Wednesday
02052024,2024-05-02,2024,5,May,Q2,18,2,Thursday
03052024,2024-05-03,2024,5,May,Q2,18,3,Friday
04052024,2024-05-04,2024,5,May,Q2,18,4,Saturday
05052024,2024-05-05,2024,5,May,Q2,18,5,Sunday
06052024,2024-05-06,2024,5,May,Q2,19,6,Monday
07052024,2024-05-07,2024,5,May,Q2,19,7,Tuesday
08052024,2024-05-08,2024,5,May,Q2,19,8,Wednesday
09052024,2024-05-09,2024,5,May,Q2,19,9,Thursday
10052024,2024-05-10,2024,5,May,Q2,19,10,Friday
11052024,2024-05-11,2024,5,May,Q2,19,11,Saturday
12052024,2024-05-12,2024,5,May,Q2,19,12,Sunday
13052024,2024-05-13,2024,5,May,Q2,20,13,Monday
14052024,2024-05-14,2024,5,May,Q2,20,14,Tuesday
15052024,2024-05-15,2024,5,May,Q2,20,15,Wednesday
16052024,2024-05-16,2024,5,May,Q2,20,16,Thursday
17052024,2024-05-17,2024,5,May,Q2,20,17,Friday
18052024,2024-05-18,2024,5,May,Q2,20,18,Saturday
19052024,2024-05-19,2024,5,May,Q2,20,19,Sunday
20052024,2024-05-20,2024,5,May,Q2,21,20,Monday
21052024,2024-05-21,2024,5,May,Q2,21,21,Tuesday
22052024,2024-05-22,2024,5,May,Q2,21,22,Wednesday
23052024,2024-05-23,2024,5,May,Q2,21,23,Thursday
24052024,2024-05-24,2024,5,May,Q2,21,24,Friday
25052024,2024-05-25,2024,5,May,Q2,21,25,Saturday
26052024,2024-05-26,2024,5,May,Q2,21,26,Sunday
27052024,2024-05-27,2024,5,May,Q2,22,27,Monday
28052024,2024-05-28,2024,5,May,Q2,22,28,Tuesday
29052024,2024-05-29,2024,5,May,Q2,22,29,Wednesday
30052024,2024-05-30,2024,5,May,Q2,22,30,Thursday
31052024,2024-05-31,2024,5,May,Q2,22,31,Friday
01062024,2024-06-01,2024,6,June,Q2,22,1,Saturday
02062024,2024-06-02,2024,6,June,Q2,22,2,Sunday
03062024,2024-06-03,2024,6,June,Q2,23,3,Monday
04062024,2024-06-04,2024,6,June,Q2,23,4,Tuesday
05062024,2024-06-05,2024,6,June,Q2,23,5,Wednesday
06062024,2024-06-06,2024,6,June,Q2,23,6,Thursday
07062024,2024-06-07,2024,6,June,Q2,23,7,Friday
08062024,2024-06-08,2024,6,June,Q2,23,8,Saturday
09062024,2024-06-09,2024,6,June,Q2,23,9,Sunday
10062024,2024-06-10,2024,6,June,Q2,24,10,Monday
11062024,2024-06-11,2024,6,June,Q2,24,11,Tuesday
12062024,2024-06-12,2024,6,June,Q2,24,12,Wednesday
13062024,2024-06-13,2024,6,June,Q2,24,13,Thursday
14062024,2024-06-14,2024,6,June,Q2,24,14,Friday
15062024,2024-06-15,2024,6,June,Q2,24,15,Saturday
16062024,2024-06-16,2024,6,June,Q2,24,16,Sunday
17062024,2024-06-17,2024,6,June,Q2,25,17,Monday
18062024,2024-06-18,2024,6,June,Q2,25,18,Tuesday
19062024,2024-06-19,2024,6,June,Q2,25,19,Wednesday
20062024,2024-06-20,2024,6,June,Q2,25,20,Thursday
21062024,2024-06-21,2024,6,June,Q2,25,21,Friday
22062024,2024-06-22,2024,6,June,Q2,25,22,Saturday
23062024,2024-06-23,2024,6,June,Q2,25,23,Sunday
24062024,2024-06-24,2024,6,June,Q2,26,24,Monday
25062024,2024-06-25,2024,6,June,Q2,26,25,Tuesday
26062024,2024-06-26,2024,6,June,Q2,26,26,Wednesday
27062024,2024-06-27,2024,6,June,Q2,26,27,Thursday
28062024,2024-06-28,2024,6,June,Q2,26,28,Friday
29062024,2024-06-29,2024,6,June,Q2,26,29,Saturday
30062024,2024-06-30,2024,6,June,Q2,26,30,Sunday
01072024,2024-07-01,2024,7,July,Q3,27,1,Monday
02072024,2024-07-02,2024,7,July,Q3,27,2,Tuesday
03072024,2024-07-03,2024,7,July,Q3,27,3,Wednesday
04072024,2024-07-04,2024,7,July,Q3,27,4,Thursday
05072024,2024-07-05,2024,7,July,Q3,27,5,Friday
06072024,2024-07-06,2024,7,July,Q3,27,6,Saturday
07072024,2024-07-07,2024,7,July,Q3,27,7,Sunday
08072024,2024-07-08,2024,7,July,Q3,28,8,Monday
09072024,2024-07-09,2024,7,July,Q3,28,9,Tuesday
10072024,2024-07-10,2024,7,July,Q3,28,10,Wednesday
11072024,2024-07-11,2024,7,July,Q3,28,11,Thursday
12072024,2024-07-12,2024,7,July,Q3,28,12,Friday
13072024,2024-07-13,2024,7,July,Q3,28,13,Saturday
14072024,2024-07-14,2024,7,July,Q3,28,14,Sunday
15072024,2024-07-15,2024,7,July,Q3,29,15,Monday
16072024,2024-07-16,2024,7,July,Q3,29,16,Tuesday
17072024,2024-07-17,2024,7,July,Q3,29,17,Wednesday
18072024,2024-07-18,2024,7,July,Q3,29,18,Thursday
19072024,2024-07-19,2024,7,July,Q3,29,19,Friday
20072024,2024-07-20,2024,7,July,Q3,29,20,Saturday
21072024,2024-07-21,2024,7,July,Q3,29,21,Sunday
22072024,2024-07-22,2024,7,July,Q3,30,22,Monday
23072024,2024-07-23,2024,7,July,Q3,30,23,Tuesday
24072024,2024-07-24,2024,7,July,Q3,30,24,Wednesday
25072024,2024-07-25,2024,7,July,Q3,30,25,Thursday
26072024,2024-07-26,2024,7,July,Q3,30,26,Friday
27072024,2024-07-27,2024,7,July,Q3,30,27,Saturday
28072024,2024-07-28,2024,7,July,Q3,30,28,Sunday
29072024,2024-07-29,2024,7,July,Q3,31,29,Monday
30072024,2024-07-30,2024,7,July,Q3,31,30,Tuesday
31072024,2024-07-31,2024,7,July,Q3,31,31,Wednesday
01082024,2024-08-01,2024,8,August,Q3,31,1,Thursday
02082024,2024-08-02,2024,8,August,Q3,31,2,Friday
03082024,2024-08-03,2024,8,August,Q3,31,3,Saturday
04082024,2024-08-04,2024,8,August,Q3,31,4,Sunday
05082024,2024-08-05,2024,8,August,Q3,32,5,Monday
06082024,2024-08-06,2024,8,August,Q3,32,6,Tuesday
07082024,2024-08-07,2024,8,August,Q3,32,7,Wednesday
08082024,2024-08-08,2024,8,August,Q3,32,8,Thursday
09082024,2024-08-09,2024,8,August,Q3,32,9,Friday
10082024,2024-08-10,2024,8,August,Q3,32,10,Saturday
11082024,2024-08-11,2024,8,August,Q3,32,11,Sunday
12082024,2024-08-12,2024,8,August,Q3,33,12,Monday
13082024,2024-08-13,2024,8,August,Q3,33,13,Tuesday
14082024,2024-08-14,2024,8,August,Q3,33,14,Wednesday
15082024,2024-08-15,2024,8,August,Q3,33,15,Thursday
16082024,2024-08-16,2024,8,August,Q3,33,16,Friday
17082024,2024-08-17,2024,8,August,Q3,33,17,Saturday
18082024,2024-08-18,2024,8,August,Q3,33,18,Sunday
19082024,2024-08-19,2024,8,August,Q3,34,19,Monday
20082024,2024-08-20,2024,8,August,Q3,34,20,Tuesday
21082024,2024-08-21,2024,8,August,Q3,34,21,Wednesday
22082024,2024-08-22,2024,8,August,Q3,34,22,Thursday
23082024,2024-08-23,2024,8,August,Q3,34,23,Friday
24082024,2024-08-24,2024,8,August,Q3,34,24,Saturday
25082024,2024-08-25,2024,8,August,Q3,34,25,Sunday
26082024,2024-08-26,2024,8,August,Q3,35,26,Monday
27082024,2024-08-27,2024,8,August,Q3,35,27,Tuesday
28082024,2024-08-28,2024,8,August,Q3,35,28,Wednesday
29082024,2024-08-29,2024,8,August,Q3,35,29,Thursday
30082024,2024-08-30,2024,8,August,Q3,35,30,Friday
31082024,2024-08-31,2024,8,August,Q3,35,31,Saturday
01092024,2024-09-01,2024,9,September,Q3,35,1,Sunday
02092024,2024-09-02,2024,9,September,Q3,36,2,Monday
03092024,2024-09-03,2024,9,September,Q3,36,3,Tuesday
04092024,2024-09-04,2024,9,September,Q3,36,4,Wednesday
05092024,2024-09-05,2024,9,September,Q3,36,5,Thursday
06092024,2024-09-06,2024,9,September,Q3,36,6,Friday
07092024,2024-09-07,2024,9,September,Q3,36,7,Saturday
08092024,2024-09-08,2024,9,September,Q3,36,8,Sunday
09092024,2024-09-09,2024,9,September,Q3,37,9,Monday
10092024,2024-09-10,2024,9,September,Q3,37,10,Tuesday
11092024,2024-09-11,2024,9,September,Q3,37,11,Wednesday
12092024,2024-09-12,2024,9,September,Q3,37,12,Thursday
13092024,2024-09-13,2024,9,September,Q3,37,13,Friday
14092024,2024-09-14,2024,9,September,Q3,37,14,Saturday
15092024,2024-09-15,2024,9,September,Q3,37,15,Sunday
16092024,2024-09-16,2024,9,September,Q3,38,16,Monday
17092024,2024-09-17,2024,9,September,Q3,38,17,Tuesday
18092024,2024-09-18,2024,9,September,Q3,38,18,Wednesday
19092024,2024-09-19,2024,9,September,Q3,38,19,Thursday
20092024,2024-09-20,2024,9,September,Q3,38,20,Friday
21092024,2024-09-21,2024,9,September,Q3,38,21,Saturday
22092024,2024-09-22,2024,9,September,Q3,38,22,Sunday
23092024,2024-09-23,2024,9,September,Q3,39,23,Monday
24092024,2024-09-24,2024,9,September,Q3,39,24,Tuesday
25092024,2024-09-25,2024,9,September,Q3,39,25,Wednesday
26092024,2024-09-26,2024,9,September,Q3,39,26,Thursday
27092024,2024-09-27,2024,9,September,Q3,39,27,Friday
28092024,2024-09-28,2024,9,September,Q3,39,28,Saturday
29092024,2024-09-29,2024,9,September,Q3,39,29,Sunday
30092024,2024-09-30,2024,9,September,Q3,40,30,Monday
01102024,2024-10-01,2024,10,October,Q4,40,1,Tuesday
02102024,2024-10-02,2024,10,October,Q4,40,2,Wednesday
03102024,2024-10-03,2024,10,October,Q4,40,3,Thursday
04102024,2024-10-04,2024,10,October,Q4,40,4,Friday
05102024,2024-10-05,2024,10,October,Q4,40,5,Saturday
06102024,2024-10-06,2024,10,October,Q4,40,6,Sunday
07102024,2024-10-07,2024,10,October,Q4,41,7,Monday
08102024,2024-10-08,2024,10,October,Q4,41,8,Tuesday
09102024,2024-10-09,2024,10,October,Q4,41,9,Wednesday
10102024,2024-10-10,2024,10,October,Q4,41,10,Thursday
11102024,2024-10-11,2024,10,October,Q4,41,11,Friday
12102024,2024-10-12,2024,10,October,Q4,41,12,Saturday
13102024,2024-10-13,2024,10,October,Q4,41,13,Sunday
14102024,2024-10-14,2024,10,October,Q4,42,14,Monday
15102024,2024-10-15,2024,10,October,Q4,42,15,Tuesday
16102024,2024-10-16,2024,10,October,Q4,42,16,Wednesday
17102024,2024-10-17,2024,10,October,Q4,42,17,Thursday
18102024,2024-10-18,2024,10,October,Q4,42,18,Friday
19102024,2024-10-19,2024,10,October,Q4,42,19,Saturday
20102024,2024-10-20,2024,10,October,Q4,42,20,Sunday
21102024,2024-10-21,2024,10,October,Q4,43,21,Monday
22102024,2024-10-22,2024,10,October,Q4,43,22,Tuesday
23102024,2024-10-23,2024,10,October,Q4,43,23,Wednesday
24102024,2024-10-24,2024,10,October,Q4,43,24,Thursday
25102024,2024-10-25,2024,10,October,Q4,43,25,Friday
26102024,2024-10-26,2024,10,October,Q4,43,26,Saturday
27102024,2024-10-27,2024,10,October,Q4,43,27,Sunday
28102024,2024-10-28,2024,10,October,Q4,44,28,Monday
29102024,2024-10-29,2024,10,October,Q4,44,29,Tuesday
30102024,2024-10-30,2024,10,October,Q4,44,30,Wednesday
31102024,2024-10-31,2024,10,October,Q4,44,31,Thursday
01112024,2024-11-01,2024,11,November,Q4,44,1,Friday
02112024,2024-11-02,2024,11,November,Q4,44,2,Saturday
03112024,2024-11-03,2024,11,November,Q4,44,3,Sunday
04112024,2024-11-04,2024,11,November,Q4,45,4,Monday
05112024,2024-11-05,2024,11,November,Q4,45,5,Tuesday
06112024,2024-11-06,2024,11,November,Q4,45,6,Wednesday
07112024,2024-11-07,2024,11,November,Q4,45,7,Thursday
08112024,2024-11-08,2024,11,November,Q4,45,8,Friday
09112024,2024-11-09,2024,11,November,Q4,45,9,Saturday
10112024,2024-11-10,2024,11,November,Q4,45,10,Sunday
11112024,2024-11-11,2024,11,November,Q4,46,11,Monday
12112024,2024-11-12,2024,11,November,Q4,46,12,Tuesday
13112024,2024-11-13,2024,11,November,Q4,46,13,Wednesday
14112024,2024-11-14,2024,11,November,Q4,46,14,Thursday
15112024,2024-11-15,2024,11,November,Q4,46,15,Friday
16112024,2024-11-16,2024,11,November,Q4,46,16,Saturday
17112024,2024-11-17,2024,11,November,Q4,46,17,Sunday
18112024,2024-11-18,2024,11,November,Q4,47,18,Monday
19112024,2024-11-19,2024,11,November,Q4,47,19,Tuesday
20112024,2024-11-20,2024,11,November,Q4,47,20,Wednesday
21112024,2024-11-21,2024,11,November,Q4,47,21,Thursday
22112024,2024-11-22,2024,11,November,Q4,47,22,Friday
23112024,2024-11-23,2024,11,November,Q4,47,23,Saturday
24112024,2024-11-24,2024,11,November,Q4,47,24,Sunday
25112024,2024-11-25,2024,11,November,Q4,48,25,Monday
26112024,2024-11-26,2024,11,November,Q4,48,26,Tuesday
27112024,2024-11-27,2024,11,November,Q4,48,27,Wednesday
28112024,2024-11-28,2024,11,November,Q4,48,28,Thursday
29112024,2024-11-29,2024,11,November,Q4,48,29,Friday
30112024,2024-11-30,2024,11,November,Q4,48,30,Saturday
01122024,2024-12-01,2024,12,December,Q4,48,1,Sunday
02122024,2024-12-02,2024,12,December,Q4,49,2,Monday
03122024,2024-12-03,2024,12,December,Q4,49,3,Tuesday
04122024,2024-12-04,2024,12,December,Q4,49,4,Wednesday
05122024,2024-12-05,2024,12,December,Q4,49,5,Thursday
06122024,2024-12-06,2024,12,December,Q4,49,6,Friday
07122024,2024-12-07,2024,12,December,Q4,49,7,Saturday
08122024,2024-12-08,2024,12,December,Q4,49,8,Sunday
09122024,2024-12-09,2024,12,December,Q4,50,9,Monday
10122024,2024-12-10,2024,12,December,Q4,50,10,Tuesday
11122024,2024-12-11,2024,12,December,Q4,50,11,Wednesday
12122024,2024-12-12,2024,12,December,Q4,50,12,Thursday
13122024,2024-12-13,2024,12,December,Q4,50,13,Friday
14122024,2024-12-14,2024,12,December,Q4,50,14,Saturday
15122024,2024-12-15,2024,12,December,Q4,50,15,Sunday
16122024,2024-12-16,2024,12,December,Q4,51,16,Monday
17122024,2024-12-17,2024,12,December,Q4,51,17,Tuesday
18122024,2024-12-18,2024,12,December,Q4,51,18,Wednesday
19122024,2024-12-19,2024,12,December,Q4,51,19,Thursday
20122024,2024-12-20,2024,12,December,Q4,51,20,Friday
21122024,2024-12-21,2024,12,December,Q4,51,21,Saturday
22122024,2024-12-22,2024,12,December,Q4,51,22,Sunday
23122024,2024-12-23,2024,12,December,Q4,52,23,Monday
24122024,2024-12-24,2024,12,December,Q4,52,24,Tuesday
25122024,2024-12-25,2024,12,December,Q4,52,25,Wednesday
26122024,2024-12-26,2024,12,December,Q4,52,26,Thursday
27122024,2024-12-27,2024,12,December,Q4,52,27,Friday
28122024,2024-12-28,2024,12,December,Q4,52,28,Saturday
29122024,2024-12-29,2024,12,December,Q4,52,29,Sunday
30122024,2024-12-30,2024,12,December,Q4,1,30,Monday
31122024,2024-12-31,2024,12,December,Q4,1,31,Tuesday
